org_inv_dk,rearer_dk,rearer_pop_dk,org_category,start_dt,end_dt,class_result_nm,org_test_result_nm
4UdmZh3bTpW4PS8aYJQ4PMznrtQ=,,,种猪场,2022-07-16,2022-08-06,高繁感染,B阳
bDoAABOf6+fM567U,,,种猪场,2023-09-04,2023-10-17,高繁感染,A阳（单缺）
bDoAADt50rLM567U,,,种猪场,2023-11-08,2023-12-24,高繁感染,ABE型
VVMTzQESEADgBAvlfwAAAcznrtQ=,,,种猪场,2022-07-08,2022-08-11,高繁感染,B阳
bDoAAHz0wTHM567U,,,种猪场,2022-08-19,2022-09-19,高繁感染,A阳（单缺）
8rEcmj38R/S5VZO6LDDNY8znrtQ=,,,种猪场,2022-12-22,2023-01-26,高繁感染,B阳
bDoAAAg6uQPM567U,,,种猪场,2022-12-12,2023-02-13,高繁感染,B阳
bDoAABvH6ZbM567U,,,种猪场,2023-04-25,2023-05-29,高繁感染,A阳（双缺）
bDoAAETu4+bM567U,,,种猪场,2023-07-22,2023-08-11,高繁感染,ABE型
bDoAABbpD+3M567U,,,种猪场,2023-09-15,2023-10-05,高繁感染,阴
e03d3f1b-010a-1000-e004-3077c0a802deCCE7AED4,,,种猪场,2023-12-02,2024-02-07,高繁感染,ABE型
bDoAAC99YkvM567U,,,种猪场,2023-07-07,2023-08-04,高繁感染,B阳
bDoAAByPIb3M567U,,,种猪场,2023-07-07,2023-08-10,高繁感染,A阳（双缺）
8rEcmj38R/S5VZO6LDDNY8znrtQ=,,,种猪场,2023-11-14,2023-12-13,高繁感染,ABE型
bDoAAALPaMvM567U,,,种猪场,2024-07-12,2024-07-31,高繁感染,ABE型
8FRN1hPTQT+MERWjigmiMMznrtQ=,,,种猪场,2022-06-01,2022-06-27,高繁感染,B阳
AtF/VOCpTy6RBKVEYz0ansznrtQ=,,,种猪场,2022-11-04,2022-12-09,高繁感染,B阳
bDoAAAdFWT7M567U,,,种猪场,2023-01-15,2023-02-06,高繁感染,B阳
bDoAAKzgg83M567U,,,种猪场,2023-02-17,2023-03-07,高繁感染,A阳（双缺）
bDoAACiWZvjM567U,,,种猪场,2023-02-16,2023-03-09,高繁感染,B阳
bDoAAFGIFLjM567U,,,种猪场,2023-07-23,2023-08-16,高繁感染,"ABE型,B阳"
fwQkjQHjRU+OKZeA9QsfKMznrtQ=,,,种猪场,2024-05-09,2024-06-06,高繁感染,D阳+B阳
bDoAAHz0wTHM567U,,,种猪场,2022-05-03,2022-05-30,高繁感染,B阳
bDoAACjcPZbM567U,,,种猪场,2022-09-23,2022-09-27,高繁感染,B阳
AtF/VOCpTy6RBKVEYz0ansznrtQ=,,,种猪场,2022-12-14,2023-02-06,高繁感染,B阳
XKCFPgEQEADgAT2OfwAAAcznrtQ=,,,种猪场,2023-03-06,2023-03-29,高繁感染,B阳
Iw7mpBO9QQe7NjYr/HFlgMznrtQ=,,,种猪场,2023-03-10,2023-04-19,高繁感染,B阳
bDoAALYh4BbM567U,,,种猪场,2023-03-29,2023-06-24,高繁感染,"A阳（双缺）,A阳（双缺）+B阳"
bDoAADt5M13M567U,,,种猪场,2023-07-10,2023-07-31,高繁感染,ABE型
OxabekMkQHKRMWn1AUn11sznrtQ=,,,种猪场,2023-06-10,2023-08-15,高繁感染,A阳（双缺）
bDoAAALNw9vM567U,,,种猪场,2023-11-03,2023-12-07,高繁感染,ABE型
hDYZrRrATxircipFGPTVJsznrtQ=,,,种猪场,2023-05-07,2023-06-21,高繁感染,A阳（双缺）
bDoAAESKjbTM567U,,,种猪场,2023-10-31,2023-11-22,高繁感染,ABE型
bDoAACti8nPM567U,,,种猪场,2023-12-11,2024-01-25,高繁感染,ABE型
bDoAAEGDj37M567U,,,种猪场,2022-08-05,2022-08-31,高繁感染,B阳
IqjjHVGER16rTlfZQ91hwsznrtQ=,,,种猪场,2023-03-09,2023-03-29,高繁感染,B阳
bDoAADwkTmXM567U,,,种猪场,2023-03-02,2023-04-11,高繁感染,B阳
bDoAAFaolA3M567U,,,种猪场,2023-09-30,2023-10-31,高繁感染,B阳
bDoAAKnsMXTM567U,,,种猪场,2023-11-05,2023-12-28,高繁感染,B阳
bDoAAHQXPQTM567U,,,种猪场,2022-10-25,2022-11-29,高繁感染,B阳
8lJHtQEeEADgFLbTCgsFAcznrtQ=,,,种猪场,2023-08-24,2023-09-14,高繁感染,B阳
oAWg/NyKRVu4Li5Pp+7fDcznrtQ=,,,种猪场,2023-12-11,2024-01-03,高繁感染,ABE型
e03d3f1b-010a-1000-e004-192cc0a802deCCE7AED4,,,种猪场,2024-01-18,2024-02-07,高繁感染,ABE型
6djM4AEREADgAb6AfwAAAcznrtQ=,,,种猪场,2024-05-13,2024-07-11,高繁感染,"ABD型,A阳（双缺）,ABE型"
e03d3f1b-010a-1000-e004-39e6c0a802deCCE7AED4,,,种猪场,2024-11-09,2024-11-30,高繁感染,A阳（双缺）
bDoAACRRJuTM567U,,,种猪场,2022-01-06,2022-04-10,高繁感染,A阳（双缺）
x6FjDRpETeS4NscqPEd75cznrtQ=,,,种猪场,2022-06-03,2022-06-23,高繁感染,B阳
bDoAAJ7DeuDM567U,,,种猪场,2023-02-12,2023-03-07,高繁感染,B阳
bDoAADIernLM567U,,,种猪场,2023-03-08,2023-03-29,高繁感染,阴
wb0ha5b6RMaDm+9X3AafGsznrtQ=,,,种猪场,2023-01-05,2023-03-30,高繁感染,A阳（双缺）
X6Ka4wEUEADgEK17CgsFAsznrtQ=,,,种猪场,2023-08-13,2023-11-17,高繁感染,ABD型
VVMTzQESEADgBAvlfwAAAcznrtQ=,,,种猪场,2022-09-06,2022-10-05,高繁感染,B阳
VVMTzQESEADgBAvlfwAAAcznrtQ=,,,种猪场,2023-05-16,2023-06-04,高繁感染,B阳
bDoAAJUqXrnM567U,,,种猪场,2023-06-06,2023-07-05,高繁感染,A阳（双缺）
bDoAABvH7CvM567U,,,种猪场,2023-10-12,2023-11-01,高繁感染,ABE型
ni898gXLTwaP5w1M8EhEnMznrtQ=,,,种猪场,2024-09-13,2024-10-08,高繁感染,ABE型
bDoAAJ7DeuDM567U,,,种猪场,2022-09-15,2022-10-16,高繁感染,A阳（双缺）
bDoAAKH9EM3M567U,,,种猪场,2022-11-04,2022-11-25,高繁感染,A阳（双缺）
bDoAAHz3F9vM567U,,,种猪场,2023-09-20,2023-10-18,高繁感染,A阳（双缺）
bDoAABpksjDM567U,,,种猪场,2023-06-21,2023-07-20,高繁感染,A阳（双缺）
aJ1tWgETEADgAQy9fwAAAcznrtQ=,,,种猪场,2024-12-19,2024-12-30,高繁感染,ABE型
bDoAABcQtDXM567U,,,种猪场,2022-05-09,2022-06-10,高繁感染,B阳
X6Ka4wEUEADgEK17CgsFAsznrtQ=,,,种猪场,2022-08-22,2022-10-16,高繁感染,D阳+B阳
8rEcmj38R/S5VZO6LDDNY8znrtQ=,,,种猪场,2022-10-17,2022-11-19,高繁感染,B阳
bDoAANlw/arM567U,,,种猪场,2023-01-11,2023-01-21,高繁感染,"B阳,A阳（单缺）"
B2FEtf4CQoSN+wxOFAin2MznrtQ=,,,种猪场,2023-01-06,2023-02-17,高繁感染,B阳
440S1QEZEADgBhF/CgsFAcznrtQ=,,,种猪场,2023-08-19,2023-09-27,高繁感染,B阳
bDoAAEGDj37M567U,,,种猪场,2023-12-06,2024-01-20,高繁感染,"ABE型,B阳"
bDoAACjIOsbM567U,,,种猪场,2023-02-10,2023-03-30,高繁感染,B阳
IqjjHVGER16rTlfZQ91hwsznrtQ=,,,种猪场,2023-06-04,2023-06-17,高繁感染,A阳（单缺）
bDoAAAg6uQPM567U,,,种猪场,2023-10-22,2023-11-21,高繁感染,"ABE型,B阳"
BHoTMQETEADgAUTXfwAAAcznrtQ=,,,种猪场,2024-01-15,2024-02-17,高繁感染,D阳
BHoTMQETEADgAUTXfwAAAcznrtQ=,,,种猪场,2024-02-23,2024-05-06,高繁感染,D阳
28LlF45rQqiZm0ziZ/+s48znrtQ=,,,种猪场,2024-10-21,2024-11-23,高繁感染,ABE型
bDoAABp4TUHM567U,,,种猪场,2022-10-03,2022-10-31,高繁感染,"B阳,D阳"
bDoAADt5M13M567U,,,种猪场,2022-11-14,2022-12-27,高繁感染,B阳
bDoAAE0ZVWfM567U,,,种猪场,2023-02-02,2023-02-27,高繁感染,B阳
AtF/VOCpTy6RBKVEYz0ansznrtQ=,,,种猪场,2023-04-02,2023-06-18,高繁感染,A阳（双缺）
ydq77QEUEADgAYVFCgsFAcznrtQ=,,,种猪场,2023-08-07,2023-08-25,高繁感染,B阳
BiUnsQEXEADgBPwRCgsCAcznrtQ=,,,种猪场,2023-11-13,2023-12-28,高繁感染,A阳（单缺）
bDoAADt5M13M567U,,,种猪场,2022-07-22,2022-08-14,高繁感染,B阳
eIAMPj4ORpeulr9WAr8oUsznrtQ=,,,种猪场,2022-12-03,2023-04-12,高繁感染,A阳（双缺）
bDoAAEQQfgjM567U,,,种猪场,2023-10-25,2023-11-22,高繁感染,"ABE型,B阳"
bDoAAF5Fd63M567U,,,种猪场,2024-05-16,2024-06-04,高繁感染,A阳（双缺）
e03d3f1b-010a-1000-e004-192cc0a802deCCE7AED4,,,种猪场,2024-12-22,2024-12-30,高繁感染,A阳（双缺）
bDoAAIHprf3M567U,,,种猪场,2023-02-06,2023-03-14,高繁感染,B阳
440S1QEZEADgBhF/CgsFAcznrtQ=,,,种猪场,2023-04-26,2023-05-15,高繁感染,A阳（双缺）
bDoAAALPaMvM567U,,,种猪场,2023-04-14,2023-06-28,高繁感染,A阳（单缺）
bDoAACjIOsbM567U,,,种猪场,2023-12-08,2023-12-27,高繁感染,ABE型
e03d3f1b-010a-1000-e003-d4d5c0a802deCCE7AED4,,,种猪场,2024-05-11,2024-07-02,高繁感染,"A阳（单缺）,D阳"
e03d3f1b-010a-1000-e003-d4d5c0a802deCCE7AED4,,,种猪场,2024-08-05,2024-10-08,高繁感染,A阳（单缺）
bDoAADt50rLM567U,,,种猪场,2024-10-31,2024-12-30,高繁感染,ABE型
bDoAABvH6ZbM567U,,,种猪场,2022-02-12,2022-04-29,高繁感染,A阳（双缺）
Dj9DCQEdEADgAufnCgsFAcznrtQ=,,,种猪场,2022-04-24,2022-05-13,高繁感染,"B阳,A阳（单缺）+B阳,A阳（单缺）"
FQ7IoQEgEADgEzmmCgsFAsznrtQ=,,,种猪场,2023-04-15,2023-05-05,高繁感染,A阳（单缺）
e03d3f1b-010a-1000-e004-192cc0a802deCCE7AED4,,,种猪场,2023-07-10,2023-08-01,高繁感染,ABE型
ni898gXLTwaP5w1M8EhEnMznrtQ=,,,种猪场,2023-12-03,2023-12-24,高繁感染,"ABE型,B阳"
bDoAAADXGsPM567U,,,种猪场,2024-04-08,2024-06-25,高繁感染,A阳（双缺）
VVMTzQESEADgBAvlfwAAAcznrtQ=,,,种猪场,2023-02-13,2023-03-06,高繁感染,B阳
bDoAAC7m/57M567U,,,种猪场,2023-08-30,2023-09-20,高繁感染,B阳
bDoAAC7m/lfM567U,,,种猪场,2023-09-16,2023-10-06,高繁感染,B阳
JDl68wEXEADgCHeECgsCAsznrtQ=,,,种猪场,2023-12-02,2023-12-30,高繁感染,ABE型
bDoAAClE3XPM567U,,,种猪场,2023-12-10,2024-01-06,高繁感染,ABE型
f7QAMgEOEADgAg0vwKgC3sznrtQ=,,,种猪场,2022-06-01,2022-06-21,高繁感染,B阳
bDoAABaKSkzM567U,,,种猪场,2023-11-03,2023-12-15,高繁感染,B阳
ZKNd3AEPEADgAgjwwKgC3sznrtQ=,,,种猪场,2023-11-10,2024-01-28,高繁感染,A阳（单缺）
bDoAACYz8lPM567U,,,种猪场,2022-03-21,2022-04-10,高繁感染,B阳
bDoAACvL6XzM567U,,,种猪场,2022-11-25,2022-12-10,高繁感染,B阳
bDoAAEz4d27M567U,,,种猪场,2023-01-15,2023-02-25,高繁感染,"A阳（双缺）,B阳"
bDoAALYiuxTM567U,,,种猪场,2023-05-01,2023-05-14,高繁感染,B阳
bDoAABp4TUHM567U,,,种猪场,2023-08-12,2023-09-01,高繁感染,ABE型
bDoAADwkTmXM567U,,,种猪场,2022-03-16,2022-04-12,高繁感染,阴
bDoAAJ7DeuDM567U,,,种猪场,2022-03-30,2022-04-20,高繁感染,A阳（双缺）
WYAoW9mNSD+xXQtoaA4VsMznrtQ=,,,种猪场,2023-03-07,2023-04-10,高繁感染,A阳（双缺）
bDoAAEqajO/M567U,,,种猪场,2022-08-30,2022-09-26,高繁感染,B阳
e03d3f1b-010a-1000-e004-192cc0a802deCCE7AED4,,,种猪场,2022-09-05,2022-10-25,高繁感染,B阳
2YpNIUMZSQWkRcBbtDgd5MznrtQ=,,,种猪场,2022-12-16,2023-01-07,高繁感染,B阳
bDoAACv/PPDM567U,,,种猪场,2023-07-22,2023-08-11,高繁感染,B阳
bDoAAHYiPHfM567U,,,种猪场,2023-07-24,2023-09-06,高繁感染,B阳
bDoAAEOnNvDM567U,,,种猪场,2023-09-25,2023-12-19,高繁感染,ABE型
bDoAAF5Fd63M567U,,,种猪场,2022-02-22,2022-05-18,高繁感染,D阳
bDoAADt50rLM567U,,,种猪场,2022-04-15,2022-05-29,高繁感染,B阳
bDoAACvL0HPM567U,,,种猪场,2022-12-20,2023-01-18,高繁感染,B阳
bDoAAKH91k7M567U,,,种猪场,2023-01-25,2023-02-27,高繁感染,A阳（双缺）
bDoAACjcPZbM567U,,,种猪场,2022-12-12,2023-02-28,高繁感染,B阳
O+UsaQEVEADgANaoCgsCAsznrtQ=,,,种猪场,2023-02-25,2023-03-18,高繁感染,A阳（单缺）
bDoAAAlC9N/M567U,,,种猪场,2023-06-03,2023-06-26,高繁感染,B阳
z1PZLAEdEADgAknNCgsFAsznrtQ=,,,种猪场,2023-07-11,2023-07-30,高繁感染,B阳
bDoAALYiuxTM567U,,,种猪场,2023-11-02,2023-11-25,高繁感染,B阳
bDoAADqYadDM567U,,,种猪场,2023-11-15,2023-12-17,高繁感染,A阳（双缺）
bDoAAEqai3jM567U,,,种猪场,2023-12-07,2024-01-09,高繁感染,ABE型
e03d3f1b-010a-1000-e00a-5dc7c0a802deCCE7AED4,,,种猪场,2024-04-28,2024-05-19,高繁感染,A阳（双缺）
bDoAADbXPyfM567U,,,种猪场,2024-08-16,2024-09-12,高繁感染,ABE型
e03d3f1b-010a-1000-e004-192cc0a802deCCE7AED4,,,种猪场,2022-04-22,2022-05-19,高繁感染,"B阳,D阳+B阳"
bDoAABWr3ivM567U,,,种猪场,2023-01-20,2023-02-18,高繁感染,B阳
X6Ka4wEUEADgEK17CgsFAsznrtQ=,,,种猪场,2023-02-13,2023-03-06,高繁感染,A阳（单缺）
dd2UbgETEADgAqHafwAAAcznrtQ=,,,种猪场,2023-07-18,2023-08-05,高繁感染,B阳
bDoAAF5Fd63M567U,,,种猪场,2023-12-17,2024-01-31,高繁感染,ABE型
bDoAAD6k2aHM567U,,,种猪场,2024-11-01,2024-11-22,高繁感染,ABE型
bDoAAHz0wTHM567U,,,种猪场,2022-07-01,2022-08-05,高繁感染,A阳（单缺）
bDoAAa/XOVDM567U,,,种猪场,2023-05-16,2023-07-20,高繁感染,A阳（双缺）
Kv/utwEREADgAI9NfwAAAcznrtQ=,,,种猪场,2023-07-07,2023-08-06,高繁感染,"ABD型,D阳"
6djM4AEREADgAb6AfwAAAcznrtQ=,,,种猪场,2024-02-08,2024-03-18,高繁感染,A阳（双缺）
FQ7IoQEgEADgEzmmCgsFAsznrtQ=,,,种猪场,2024-09-25,2024-11-10,高繁感染,A阳（单缺）
bDoAADt5M13M567U,,,种猪场,2023-01-07,2023-02-10,高繁感染,B阳
2izyf/VpQ1i5BSpqm+uXCMznrtQ=,,,种猪场,2023-12-11,2024-01-16,高繁感染,ABE型
bDoAABvH7CvM567U,,,种猪场,2024-01-03,2024-01-24,高繁感染,ABE型
XKCFPgEQEADgAT2OfwAAAcznrtQ=,,,种猪场,2023-12-12,2024-03-09,高繁感染,ABE型
bDoAABcQtDXM567U,,,种猪场,2023-01-03,2023-02-07,高繁感染,A阳（双缺）
bDoAADqYadDM567U,,,种猪场,2023-04-04,2023-04-23,高繁感染,A阳（双缺）
bDoAAHz3F9vM567U,,,种猪场,2023-05-01,2023-06-14,高繁感染,A阳（双缺）
bDoAADBG2oHM567U,,,种猪场,2023-12-26,2024-01-15,高繁感染,ABE型
e03d3f1b-010a-1000-e004-05a2c0a802deCCE7AED4,,,种猪场,2023-12-04,2024-01-20,高繁感染,D阳
bDoAAADXGsPM567U,,,种猪场,2024-02-03,2024-03-09,高繁感染,A阳（双缺）
4UdmZh3bTpW4PS8aYJQ4PMznrtQ=,,,种猪场,2024-08-20,2024-09-11,高繁感染,ABE型
bDoAAEFoW0TM567U,,,种猪场,2024-10-12,2024-11-01,高繁感染,ABE型
bDoAAKH9EM3M567U,,,种猪场,2022-12-18,2023-03-27,高繁感染,A阳（双缺）
hDYZrRrATxircipFGPTVJsznrtQ=,,,种猪场,2023-07-26,2023-09-12,高繁感染,"A阳（双缺）,A阳（单缺）"
bDoAACRRJuTM567U,,,种猪场,2023-11-12,2023-12-03,高繁感染,A阳（双缺）
MnBcDQEhEADgAH72CgsCBsznrtQ=,,,种猪场,2023-01-20,2023-02-09,高繁感染,B阳
sjEzowEYEADgB9TDCgsFAsznrtQ=,,,种猪场,2023-10-19,2023-11-17,高繁感染,ABE型
X6Ka4wEUEADgEK17CgsFAsznrtQ=,,,种猪场,2024-08-06,2024-08-27,高繁感染,D阳
bDoAABpksjDM567U,,,种猪场,2022-04-28,2022-05-27,高繁感染,B阳
Kv/utwEREADgAI9NfwAAAcznrtQ=,,,种猪场,2022-05-01,2022-06-02,高繁感染,D阳
bDoAAHz3F9vM567U,,,种猪场,2024-10-04,2024-10-30,高繁感染,A阳（双缺）
FQ7IoQEgEADgEzmmCgsFAsznrtQ=,,,种猪场,2023-12-13,2024-02-23,高繁感染,"ABE型,B阳,A阳（单缺）+B阳,A阳（单缺）"
bDoAAB5leNfM567U,,,种猪场,2023-01-01,2023-01-26,高繁感染,B阳
bDoAAJNCEznM567U,,,种猪场,2022-12-26,2023-02-14,高繁感染,B阳
e03d3f1b-010a-1000-e004-3b75c0a802deCCE7AED4,,,种猪场,2023-08-01,2023-08-21,高繁感染,ABD型
bDoAAD/EIvrM567U,,,种猪场,2023-07-17,2023-08-24,高繁感染,B阳
bDoAAKH9DpDM567U,,,种猪场,2023-11-03,2023-11-27,高繁感染,B阳
bDoAAExQ2YfM567U,,,种猪场,2022-01-11,2022-04-14,高繁感染,"B阳,A阳（单缺）"
bDoAAHz3F9vM567U,,,种猪场,2022-04-26,2022-06-08,高繁感染,A阳（双缺）
bDoAAHQXPQTM567U,,,种猪场,2022-05-26,2022-06-27,高繁感染,B阳
bDoAAJNKZmzM567U,,,种猪场,2023-01-24,2023-02-26,高繁感染,A阳（双缺）
MnBcDQEhEADgAH72CgsCBsznrtQ=,,,种猪场,2023-02-19,2023-03-13,高繁感染,D阳+B阳
pN3jgwEXEADgRLYiCgsCAcznrtQ=,,,种猪场,2023-07-28,2023-09-10,高繁感染,B阳
bDoAADqXW6zM567U,,,种猪场,2024-03-22,2024-04-16,高繁感染,ABE型
bDoAABozn+zM567U,,,种猪场,2024-05-29,2024-07-08,高繁感染,A阳（双缺）
ciJ9gUr9R2qmB22v2j2nScznrtQ=,,,种猪场,2024-09-05,2024-10-02,高繁感染,A阳（单缺）
bDoAAADXGsPM567U,,,种猪场,2024-09-12,2024-10-15,高繁感染,A阳（双缺）
OxabekMkQHKRMWn1AUn11sznrtQ=,,,种猪场,2022-05-23,2022-06-18,高繁感染,A阳（双缺）
VVMTzQESEADgBAvlfwAAAcznrtQ=,,,种猪场,2023-03-17,2023-04-08,高繁感染,B阳
OxabekMkQHKRMWn1AUn11sznrtQ=,,,种猪场,2023-01-12,2023-05-25,高繁感染,"A阳（双缺）,B阳,A阳（单缺）+B阳,A阳（单缺）"
bDoAAKnsKAjM567U,,,种猪场,2023-02-12,2023-06-09,高繁感染,A阳（双缺）
e03d3f1b-010a-1000-e004-05a2c0a802deCCE7AED4,,,种猪场,2023-06-30,2023-08-27,高繁感染,D阳
Kv/utwEREADgAI9NfwAAAcznrtQ=,,,种猪场,2023-08-21,2023-10-21,高繁感染,D阳
bDoAAExQ2YfM567U,,,种猪场,2023-10-22,2023-11-29,高繁感染,"ABE型,B阳"
bDoAAEGDj37M567U,,,种猪场,2024-03-01,2024-03-30,高繁感染,ABE型
FQ7IoQEgEADgEzmmCgsFAsznrtQ=,,,种猪场,2024-02-27,2024-04-05,高繁感染,"A阳（单缺）+B阳,A阳（单缺）"
ciJ9gUr9R2qmB22v2j2nScznrtQ=,,,种猪场,2024-04-25,2024-05-18,高繁感染,A阳（单缺）
bDoAAHz3F9vM567U,,,种猪场,2022-12-15,2023-01-30,高繁感染,A阳（双缺）
bDoAAEFoW0TM567U,,,种猪场,2023-02-06,2023-03-24,高繁感染,B阳
bDoAALNCjoXM567U,,,种猪场,2023-06-14,2023-07-22,高繁感染,B阳
bDoAANlw/arM567U,,,种猪场,2023-11-25,2023-12-12,高繁感染,ABE型
0BeRd35bQGC3COm2GJdEIsznrtQ=,,,种猪场,2023-11-08,2024-01-12,高繁感染,B阳
e03d3f1b-010a-1000-e005-d367c0a802deCCE7AED4,,,种猪场,2022-09-08,2022-12-03,高繁感染,"A阳（双缺）,B阳"
bDoAALNCj8XM567U,,,种猪场,2022-12-04,2023-02-27,高繁感染,"A阳（双缺）,B阳"
bDoAADC02cbM567U,,,种猪场,2023-02-28,2023-03-30,高繁感染,B阳
bDoAAKRCqU7M567U,,,种猪场,2023-03-21,2023-04-18,高繁感染,B阳
bDoAAKH91k7M567U,,,种猪场,2023-05-30,2023-06-24,高繁感染,A阳（双缺）
bDoAAB9RQabM567U,,,种猪场,2023-06-17,2023-07-09,高繁感染,D阳
bDoAAEhiQtHM567U,,,种猪场,2024-12-24,2024-12-30,高繁感染,A阳（双缺）
bDoAALEl03fM567U,,,种猪场,2022-04-29,2022-06-02,高繁感染,B阳
Kv/utwEREADgAI9NfwAAAcznrtQ=,,,种猪场,2023-01-03,2023-01-26,高繁感染,"B阳,D阳+B阳"
oAWg/NyKRVu4Li5Pp+7fDcznrtQ=,,,种猪场,2023-01-10,2023-03-20,高繁感染,"B阳,A阳（单缺）"
bDoAAELPLgPM567U,,,种猪场,2022-10-11,2022-12-12,高繁感染,B阳
bDoAAKzgg83M567U,,,种猪场,2022-11-18,2022-12-16,高繁感染,B阳
bDoAAEGDj37M567U,,,种猪场,2022-12-09,2023-01-05,高繁感染,A阳（双缺）
bDoAALEl03fM567U,,,种猪场,2023-09-19,2023-10-10,高繁感染,ABE型
Dj9DCQEdEADgAufnCgsFAcznrtQ=,,,种猪场,2023-02-04,2023-03-05,高繁感染,"B阳,A阳（单缺）+B阳"
bDoAAKfMquXM567U,,,种猪场,2023-02-16,2023-04-24,高繁感染,A阳（双缺）
bDoAACbHyrfM567U,,,种猪场,2023-08-29,2023-10-27,高繁感染,ABE型
e03d3f1b-010a-1000-e005-d367c0a802deCCE7AED4,,,种猪场,2023-11-03,2023-11-24,高繁感染,B阳
bDoAAD/EIvrM567U,,,种猪场,2023-12-18,2024-01-19,高繁感染,ABE型
bDoAABWr3ivM567U,,,种猪场,2023-11-30,2024-02-08,高繁感染,ABE型
bDoAAAg6uQPM567U,,,种猪场,2024-12-09,2024-12-30,高繁感染,ABE型
bDoAABcQtDXM567U,,,种猪场,2022-03-09,2022-04-09,高繁感染,阴
fwQkjQHjRU+OKZeA9QsfKMznrtQ=,,,种猪场,2022-04-24,2022-05-31,高繁感染,D阳+B阳
bDoAAAlC9N/M567U,,,种猪场,2023-07-11,2023-08-12,高繁感染,B阳
OxabekMkQHKRMWn1AUn11sznrtQ=,,,种猪场,2023-12-20,2024-01-07,高繁感染,A阳（双缺）
ciJ9gUr9R2qmB22v2j2nScznrtQ=,,,种猪场,2024-06-12,2024-07-14,高繁感染,A阳（单缺）
L8X1mwESEADgADTRfwAAAcznrtQ=,,,种猪场,2022-06-23,2022-07-14,高繁感染,B阳
bDoAACv+6MnM567U,,,种猪场,2023-06-25,2023-08-17,高繁感染,A阳（单缺）
ni898gXLTwaP5w1M8EhEnMznrtQ=,,,种猪场,2023-10-01,2023-10-22,高繁感染,B阳
bDoAAClE3XPM567U,,,种猪场,2024-07-04,2024-07-24,高繁感染,ABE型
bDoAACleribM567U,,,种猪场,2024-12-06,2024-12-30,高繁感染,"ABE型,B阳"
bDoAAClE3XPM567U,,,种猪场,2022-12-01,2022-12-27,高繁感染,B阳
bDoAAClE3XPM567U,,,种猪场,2023-01-22,2023-02-24,高繁感染,B阳
bDoAABvH6ZbM567U,,,种猪场,2023-01-15,2023-03-05,高繁感染,A阳（双缺）
bDoAAAUUmJ7M567U,,,种猪场,2023-07-16,2023-08-04,高繁感染,B阳
bDoAALEl03fM567U,,,种猪场,2022-07-16,2022-08-06,高繁感染,D阳
bDoAAEhhv3vM567U,,,种猪场,2022-10-13,2022-11-04,高繁感染,B阳
bDoAAEhhv3vM567U,,,种猪场,2022-12-14,2023-02-04,高繁感染,B阳
Kv/utwEREADgAI9NfwAAAcznrtQ=,,,种猪场,2023-11-25,2024-01-09,高繁感染,D阳
bDoAAAg6uQPM567U,,,种猪场,2023-12-09,2024-01-16,高繁感染,ABE型
bDoAAJ7DeuDM567U,,,种猪场,2024-07-01,2024-08-17,高繁感染,A阳（双缺）
6djM4AEREADgAb6AfwAAAcznrtQ=,,,种猪场,2024-12-18,2024-12-30,高繁感染,A阳（双缺）
bDoAAK6eayHM567U,,,种猪场,2024-12-10,2024-12-30,高繁感染,ABE型
aJ1tWgETEADgAQy9fwAAAcznrtQ=,,,种猪场,2022-05-11,2022-06-03,高繁感染,A阳（双缺）
VVMTzQESEADgBAvlfwAAAcznrtQ=,,,种猪场,2022-12-10,2022-12-29,高繁感染,B阳
bDoAABmhgR/M567U,,,种猪场,2023-03-07,2023-04-18,高繁感染,B阳
bDoAADt50rLM567U,,,种猪场,2023-05-21,2023-06-11,高繁感染,B阳
bDoAADt50rLM567U,,,种猪场,2023-08-26,2023-10-23,高繁感染,ABE型
bDoAADIernLM567U,,,种猪场,2023-10-14,2023-11-19,高繁感染,"ABE型,B阳"
fc8915fd-0109-1000-e000-0beec0a802deCCE7AED4,,,种猪场,2024-07-08,2024-08-10,高繁感染,ABD型
bDoAAD/EIvrM567U,,,种猪场,2024-08-01,2024-08-21,高繁感染,ABE型
bDoAAEGDj37M567U,,,种猪场,2023-07-05,2023-09-03,高繁感染,D阳
L8X1mwESEADgADTRfwAAAcznrtQ=,,,种猪场,2024-12-01,2024-12-22,高繁感染,ABE型
bDoAAEz5X2/M567U,,,种猪场,2022-03-10,2022-07-15,高繁感染,A阳（双缺）
bDoAACRQpGDM567U,,,种猪场,2022-12-25,2023-03-29,高繁感染,"A阳（双缺）,B阳,A阳（双缺）+B阳"
bDoAAEHw5pfM567U,,,种猪场,2023-06-15,2023-07-04,高繁感染,D阳
bDoAAMo7BuXM567U,,,种猪场,2024-03-23,2024-04-14,高繁感染,A阳（双缺）
bDoAAF4M8YfM567U,,,种猪场,2022-03-07,2022-04-09,高繁感染,阴
hDYZrRrATxircipFGPTVJsznrtQ=,,,种猪场,2023-02-24,2023-03-20,高繁感染,B阳
bDoAAKnm7sPM567U,,,种猪场,2023-06-24,2023-07-19,高繁感染,A阳（双缺）
bDoAAALNw9vM567U,,,种猪场,2023-07-21,2023-08-09,高繁感染,B阳
bDoAAClE3XPM567U,,,种猪场,2023-10-02,2023-10-22,高繁感染,ABE型
bDoAAHz0wTHM567U,,,种猪场,2023-12-20,2024-01-11,高繁感染,A阳（单缺）
B2FEtf4CQoSN+wxOFAin2MznrtQ=,,,种猪场,2023-12-03,2024-01-15,高繁感染,ABE型
S2hGkQEREADgADq8fwAAAcznrtQ=,,,种猪场,2024-01-10,2024-01-31,高繁感染,ABE型
Kv/utwEREADgAI9NfwAAAcznrtQ=,,,种猪场,2024-01-25,2024-02-24,高繁感染,D阳
e03d3f1b-010a-1000-e004-192cc0a802deCCE7AED4,,,种猪场,2022-06-17,2022-07-10,高繁感染,"B阳,D阳+B阳"
bDoAALEl03fM567U,,,种猪场,2022-08-27,2022-09-20,高繁感染,D阳
bDoAACW+AGvM567U,,,种猪场,2022-10-25,2022-11-15,高繁感染,B阳
l4SZ6wEhEADgG9+QCgsFAsznrtQ=,,,种猪场,2023-02-02,2023-02-23,高繁感染,A阳（单缺）
bDoAAHz3F9vM567U,,,种猪场,2023-03-19,2023-04-12,高繁感染,A阳（双缺）
bDoAACdAV2/M567U,,,种猪场,2023-12-07,2023-12-27,高繁感染,ABE型
fwQkjQHjRU+OKZeA9QsfKMznrtQ=,,,种猪场,2024-03-17,2024-04-26,高繁感染,D阳
bDoAAFGKYAjM567U,,,种猪场,2022-12-18,2023-01-31,高繁感染,B阳
bDoAADbYTd3M567U,,,种猪场,2023-01-26,2023-03-19,高繁感染,"B阳,A阳（单缺）"
bDoAACW+AGvM567U,,,种猪场,2023-11-02,2023-11-25,高繁感染,"ABE型,B阳"
tp62zQbcSBSmduRT0vtmw8znrtQ=,,,种猪场,2023-12-11,2024-01-21,高繁感染,ABE型
bDoAABozn+zM567U,,,种猪场,2024-01-20,2024-05-23,高繁感染,A阳（双缺）
VVMTzQESEADgBAvlfwAAAcznrtQ=,,,种猪场,2024-06-02,2024-07-10,高繁感染,ABE型
Dj9DCQEdEADgAufnCgsFAcznrtQ=,,,种猪场,2024-09-01,2024-10-08,高繁感染,A阳（双缺）
aJ1tWgETEADgAQy9fwAAAcznrtQ=,,,种猪场,2023-02-11,2023-03-08,高繁感染,B阳
bDoAACbHyrfM567U,,,种猪场,2023-03-05,2023-03-26,高繁感染,B阳
bDoAABcQtDXM567U,,,种猪场,2023-03-12,2023-04-24,高繁感染,B阳
e03d3f1b-010a-1000-e003-d4d5c0a802deCCE7AED4,,,种猪场,2023-06-19,2023-08-04,高繁感染,A阳（双缺）
bDoAABmhgR/M567U,,,种猪场,2023-07-21,2023-08-17,高繁感染,ABE型
bDoAADC02cbM567U,,,种猪场,2023-10-02,2023-11-18,高繁感染,"ABE型,B阳"
bDoAAEPGtZbM567U,,,种猪场,2023-11-16,2023-12-21,高繁感染,A阳（单缺）
e03d3f1b-010a-1000-e004-3077c0a802deCCE7AED4,,,种猪场,2024-03-19,2024-04-12,高繁感染,A阳（双缺）
bDoAAHtQt0vM567U,,,种猪场,2022-07-02,2022-07-23,高繁感染,B阳
8rEcmj38R/S5VZO6LDDNY8znrtQ=,,,种猪场,2023-03-21,2023-04-15,高繁感染,B阳
WYAoW9mNSD+xXQtoaA4VsMznrtQ=,,,种猪场,2023-07-20,2023-08-22,高繁感染,"A阳（双缺）,B阳"
bDoAALNCjoXM567U,,,种猪场,2024-07-04,2024-07-28,高繁感染,ABE型
bDoAAHYh1WTM567U,,,种猪场,2024-07-24,2024-08-14,高繁感染,ABE型
bDoAADIernLM567U,,,种猪场,2023-08-24,2023-09-21,高繁感染,B阳
l4SZ6wEhEADgG9+QCgsFAsznrtQ=,,,种猪场,2022-02-20,2022-04-19,高繁感染,A阳（单缺）
bDoAACbHyrfM567U,,,种猪场,2023-02-05,2023-02-26,高繁感染,B阳
bDoAAECPB4XM567U,,,种猪场,2023-09-15,2023-10-06,高繁感染,B阳
bDoAAELPLgPM567U,,,种猪场,2024-01-28,2024-02-17,高繁感染,ABE型
bDoAALYiuxTM567U,,,种猪场,2024-10-29,2024-11-19,高繁感染,B阳
bDoAAELPLgPM567U,,,种猪场,2024-10-14,2024-11-24,高繁感染,B阳
X6Ka4wEUEADgEK17CgsFAsznrtQ=,,,种猪场,2022-04-27,2022-07-18,高繁感染,D阳+B阳
FQ7IoQEgEADgEzmmCgsFAsznrtQ=,,,种猪场,2022-06-01,2022-08-11,高繁感染,A阳（单缺）
bDoAADt50rLM567U,,,种猪场,2022-10-12,2022-11-15,高繁感染,B阳
bDoAAETu4+bM567U,,,种猪场,2022-12-06,2022-12-28,高繁感染,B阳
bDoAADt50rLM567U,,,种猪场,2023-02-23,2023-03-16,高繁感染,B阳
bDoAAEhhv3vM567U,,,种猪场,2023-03-03,2023-04-25,高繁感染,B阳
bDoAADw1TDDM567U,,,种猪场,2023-02-16,2023-04-26,高繁感染,A阳（单缺）
e03d3f1b-010a-1000-e004-192cc0a802deCCE7AED4,,,种猪场,2023-08-26,2023-12-17,高繁感染,ABE型
bDoAABvH6ZbM567U,,,种猪场,2023-11-09,2023-12-28,高繁感染,"ABE型,B阳"
2ir5VbrJRIyVXGtjbFM9NsznrtQ=,,,种猪场,2023-11-15,2024-02-19,高繁感染,D阳
VVMTzQESEADgBAvlfwAAAcznrtQ=,,,种猪场,2022-11-07,2022-11-29,高繁感染,B阳
bDoAADBJESbM567U,,,种猪场,2022-12-30,2023-03-10,高繁感染,"A阳（双缺）,A阳（双缺）+B阳"
RI5ajW2VSFCTz6wsLA0mW8znrtQ=,,,种猪场,2023-10-23,2023-11-23,高繁感染,B阳
VVMTzQESEADgBAvlfwAAAcznrtQ=,,,种猪场,2023-06-20,2023-07-14,高繁感染,ABE型
e03d3f1b-010a-1000-e004-39e6c0a802deCCE7AED4,,,种猪场,2023-08-16,2023-09-05,高繁感染,ABE型
bDoAAAeoP7zM567U,,,种猪场,2023-08-14,2023-09-18,高繁感染,阴
bDoAAISzjqLM567U,,,种猪场,2023-12-02,2023-12-27,高繁感染,ABE型
Kv/utwEREADgAI9NfwAAAcznrtQ=,,,种猪场,2022-07-29,2022-08-18,高繁感染,D阳+B阳
Kv/utwEREADgAH1xfwAAAcznrtQ=,,,种猪场,2023-06-22,2023-07-24,高繁感染,B阳
l4SZ6wEhEADgG9+QCgsFAsznrtQ=,,,种猪场,2023-09-03,2023-09-24,高繁感染,ABD型
bDoAAGCfkTfM567U,,,种猪场,2023-08-18,2023-10-03,高繁感染,B阳
bDoAAKH9DpDM567U,,,种猪场,2024-06-13,2024-07-08,高繁感染,A阳（双缺）
bDoAADt50rLM567U,,,种猪场,2024-09-23,2024-10-13,高繁感染,ABE型
bDoAADqYadDM567U,,,种猪场,2023-01-26,2023-02-26,高繁感染,A阳（双缺）
bDoAAJiJ3rXM567U,,,种猪场,2023-03-29,2023-04-27,高繁感染,D阳
bDoAAELPLgPM567U,,,种猪场,2023-04-20,2023-07-09,高繁感染,"B阳,A阳（单缺）"
bDoAACv/PPDM567U,,,种猪场,2023-09-19,2023-10-11,高繁感染,ABE型
bDoAAHtQt0vM567U,,,种猪场,2023-10-08,2023-11-01,高繁感染,B阳
MnBcDQEhEADgAH72CgsCBsznrtQ=,,,种猪场,2023-12-17,2024-01-13,高繁感染,A阳（双缺）
jRn8ev31TW6xv/4VRubY3MznrtQ=,,,种猪场,2023-12-10,2024-01-18,高繁感染,ABE型
bDoAAK+uUJjM567U,,,种猪场,2023-12-10,2024-01-22,高繁感染,ABE型
e03d3f1b-010a-1000-e005-d367c0a802deCCE7AED4,,,种猪场,2024-01-04,2024-01-24,高繁感染,A阳（单缺）
8rEcmj38R/S5VZO6LDDNY8znrtQ=,,,种猪场,2023-12-23,2024-01-31,高繁感染,ABE型
bDoAAKnsMXTM567U,,,种猪场,2024-11-12,2024-12-03,高繁感染,B阳
e03d3f1b-010a-1000-e003-d4d5c0a802deCCE7AED4,,,种猪场,2023-01-07,2023-02-12,高繁感染,D阳
bDoAAAlC9dzM567U,,,种猪场,2023-02-17,2023-03-11,高繁感染,A阳（双缺）
bDoAACW+AGvM567U,,,种猪场,2023-06-01,2023-06-24,高繁感染,A阳（双缺）
bDoAAAlC9dzM567U,,,种猪场,2023-06-27,2023-07-18,高繁感染,B阳
fc8915fd-0109-1000-e000-0beec0a802deCCE7AED4,,,种猪场,2023-07-24,2023-08-17,高繁感染,A阳（双缺）
bDoAABaK56fM567U,,,种猪场,2023-10-17,2023-11-27,高繁感染,ABE型
bDoAACKe96rM567U,,,种猪场,2023-10-05,2023-12-18,高繁感染,"ABE型,B阳"
bDoAAArJzP3M567U,,,种猪场,2023-11-28,2024-01-18,高繁感染,ABE型
fwQkjQHjRU+OKZeA9QsfKMznrtQ=,,,种猪场,2022-01-29,2022-04-10,高繁感染,D阳+B阳
bDoAAJ7DeuDM567U,,,种猪场,2023-12-13,2024-01-03,高繁感染,A阳（双缺）
bDoAAF5Fd63M567U,,,种猪场,2024-11-26,2024-12-18,高繁感染,A阳（双缺）
bDoAAKH9EM3M567U,,,种猪场,2022-02-04,2022-04-27,高繁感染,A阳（双缺）
bDoAALYh4BbM567U,,,种猪场,2023-02-12,2023-02-26,高繁感染,A阳（双缺）
2YpNIUMZSQWkRcBbtDgd5MznrtQ=,,,种猪场,2023-03-05,2023-03-29,高繁感染,B阳
bDoAAEHw5pfM567U,,,种猪场,2023-01-31,2023-04-10,高繁感染,D阳
bDoAABWr3ivM567U,,,种猪场,2023-06-25,2023-07-15,高繁感染,B阳
bDoAAKurSXDM567U,,,种猪场,2023-10-05,2023-11-24,高繁感染,阴
bDoAABrgZpXM567U,,,种猪场,2023-10-29,2024-01-26,高繁感染,ABE型
bDoAAFaolA3M567U,,,种猪场,2024-01-24,2024-02-15,高繁感染,ABE型
bDoAAKzgg83M567U,,,种猪场,2024-07-03,2024-08-06,高繁感染,A阳（双缺）
bDoAADfWeSTM567U,,,种猪场,2022-04-18,2022-06-18,高繁感染,D阳
bDoAADt50rLM567U,,,种猪场,2022-09-14,2022-10-04,高繁感染,B阳
bDoAAKVXgp/M567U,,,种猪场,2023-01-10,2023-02-26,高繁感染,"A阳（双缺）,B阳,D阳"
wb0ha5b6RMaDm+9X3AafGsznrtQ=,,,种猪场,2023-05-01,2023-05-24,高繁感染,A阳（双缺）
bDoAABpksjDM567U,,,种猪场,2023-04-13,2023-06-05,高繁感染,B阳
bDoAADt50rLM567U,,,种猪场,2023-06-22,2023-07-12,高繁感染,B阳
bDoAAALPaMvM567U,,,种猪场,2024-10-01,2024-10-30,高繁感染,ABE型
Dj9DCQEdEADgAufnCgsFAcznrtQ=,,,种猪场,2022-04-02,2022-04-17,高繁感染,"A阳（单缺）+B阳,A阳（单缺）"
bDoAALYiuxTM567U,,,种猪场,2022-10-01,2022-10-23,高繁感染,B阳
bDoAAHQXPnfM567U,,,种猪场,2023-02-09,2023-03-02,高繁感染,B阳
X6Ka4wEUEADgEK17CgsFAsznrtQ=,,,种猪场,2023-03-22,2023-04-13,高繁感染,A阳（单缺）
bDoAAMSec3nM567U,,,种猪场,2023-08-10,2023-08-30,高繁感染,B阳
eVFjXhD+Qkag79ZXWlvfMMznrtQ=,,,种猪场,2023-10-27,2023-11-24,高繁感染,A阳（双缺）
bDoAACiWZvjM567U,,,种猪场,2023-11-04,2024-01-25,高繁感染,A阳（双缺）
fwQkjQHjRU+OKZeA9QsfKMznrtQ=,,,种猪场,2024-01-04,2024-02-07,高繁感染,D阳
e03d3f1b-010a-1000-e004-36c9c0a802deCCE7AED4,,,种猪场,2022-04-28,2022-05-18,高繁感染,A阳（双缺）
bDoAAKRCqU7M567U,,,种猪场,2022-08-01,2022-08-29,高繁感染,B阳
bDoAADt50rLM567U,,,种猪场,2023-01-05,2023-02-06,高繁感染,B阳
bDoAAKnm7sPM567U,,,种猪场,2023-02-13,2023-02-21,高繁感染,A阳（双缺）+B阳
X6Ka4wEUEADgEK17CgsFAsznrtQ=,,,种猪场,2023-12-21,2024-01-11,高繁感染,A阳（单缺）
e03d3f1b-010a-1000-e00a-5dc7c0a802deCCE7AED4,,,种猪场,2023-12-27,2024-01-17,高繁感染,ABE型
ywuwxdNYQvehuie+p2p4LsznrtQ=,,,种猪场,2024-08-27,2024-10-12,高繁感染,A阳（单缺）
tckLqgEVEADgADoICgsCAsznrtQ=,,,种猪场,2024-09-30,2024-11-07,高繁感染,ABD型
bDoAAE4mrXvM567U,,,种猪场,2021-01-17,2021-02-13,高繁感染,B阳
e03d3f1b-010a-1000-e00a-5dc7c0a802deCCE7AED4,,,种猪场,2021-01-01,2021-03-05,高繁感染,A阳（双缺）
bDoAALYh4BbM567U,,,种猪场,2021-11-10,2021-12-30,高繁感染,A阳（双缺）
bDoAADC02cbM567U,,,种猪场,2021-10-01,2022-01-19,高繁感染,B阳
bDoAADP3KbjM567U,,,种猪场,2021-02-02,2021-02-14,高繁感染,阴
bDoAABrgZpXM567U,,,种猪场,2021-05-25,2021-05-25,高繁感染,B阳
Kv/utwEREADgAI9NfwAAAcznrtQ=,,,种猪场,2021-09-20,2021-10-11,高繁感染,D阳
bDoAADwkTmXM567U,,,种猪场,2021-12-04,2022-01-26,高繁感染,B阳
5s/Wrc5rTAuhq6uJGxtmQcznrtQ=,,,种猪场,2022-01-14,2022-02-19,高繁感染,B阳
e03d3f1b-010a-1000-e004-192cc0a802deCCE7AED4,,,种猪场,2020-08-14,2020-09-04,高繁感染,B阳
bDoAAAXKmOjM567U,,,种猪场,2021-01-19,2021-02-16,高繁感染,B阳
bDoAADt50rLM567U,,,种猪场,2021-06-24,2021-07-26,高繁感染,B阳
bDoAAAg6uQPM567U,,,种猪场,2021-10-26,2021-11-28,高繁感染,B阳
bDoAAEz4d27M567U,,,种猪场,2021-11-20,2021-12-11,高繁感染,B阳
bDoAAArJzP3M567U,,,种猪场,2020-09-12,2020-09-26,高繁感染,阴
bDoAAB5leNfM567U,,,种猪场,2020-12-22,2021-01-15,高繁感染,阴
bDoAAMLFAS/M567U,,,种猪场,2021-01-17,2021-02-07,高繁感染,B阳
bDoAAKH91k7M567U,,,种猪场,2021-01-01,2021-05-02,高繁感染,"B阳,A阳（双缺）+B阳"
bDoAAIzVkcbM567U,,,种猪场,2021-02-15,2021-05-16,高繁感染,B阳
Eh2IloVgRl22s/pKmeJpmsznrtQ=,,,种猪场,2021-07-27,2021-08-18,高繁感染,B阳
mbxUu19mTsGH0lLUuTW6OMznrtQ=,,,种猪场,2021-08-17,2021-09-09,高繁感染,A阳（双缺）
KX0hFQESEADgALnfCgsE3sznrtQ=,,,种猪场,2020-09-20,2020-09-30,高繁感染,B阳
bDoAAKVXgGrM567U,,,种猪场,2020-11-19,2020-12-13,高繁感染,阴
e03d3f1b-010a-1000-e004-0431c0a802deCCE7AED4,,,种猪场,2021-01-16,2021-02-06,高繁感染,B阳
bDoAAD9Lki3M567U,,,种猪场,2021-02-16,2021-04-16,高繁感染,B阳
bDoAABp4TUHM567U,,,种猪场,2021-09-15,2021-10-13,高繁感染,B阳
bDoAABbpD+3M567U,,,种猪场,2021-10-25,2021-11-22,高繁感染,B阳
bDoAAAjWKY/M567U,,,种猪场,2021-11-06,2021-12-08,高繁感染,"B阳,A阳（单缺）"
bDoAAMSec3nM567U,,,种猪场,2021-12-15,2022-01-06,高繁感染,B阳
bDoAAKVXgGrM567U,,,种猪场,2020-12-15,2020-12-15,高繁感染,B阳
bDoAACKe96rM567U,,,种猪场,2021-01-22,2021-01-27,高繁感染,B阳
OxabekMkQHKRMWn1AUn11sznrtQ=,,,种猪场,2020-12-19,2021-03-15,高繁感染,"A阳（双缺）,B阳"
XBzW2wEaEADgA3DzCgsFAcznrtQ=,,,种猪场,2021-02-02,2021-04-03,高繁感染,A阳（单缺）
bDoAAHQXPQTM567U,,,种猪场,2021-04-22,2021-05-31,高繁感染,A阳（双缺）
bDoAABrgZpXM567U,,,种猪场,2021-06-11,2021-07-03,高繁感染,B阳
bDoAADqYadDM567U,,,种猪场,2021-07-02,2021-07-23,高繁感染,B阳
fZZeiXA4SjmG+jb+ZEIkEsznrtQ=,,,种猪场,2021-06-14,2021-08-06,高繁感染,B阳
bDoAAKnsMXTM567U,,,种猪场,2021-07-09,2021-08-14,高繁感染,B阳
2YpNIUMZSQWkRcBbtDgd5MznrtQ=,,,种猪场,2021-09-01,2021-10-28,高繁感染,B阳
bDoAABvH7CvM567U,,,种猪场,2021-10-13,2021-11-15,高繁感染,B阳
bDoAACW+AGvM567U,,,种猪场,2021-10-26,2021-11-18,高繁感染,B阳
bDoAAHYiPHfM567U,,,种猪场,2021-09-06,2021-11-27,高繁感染,B阳
X6Ka4wEUEADgEK17CgsFAsznrtQ=,,,种猪场,2021-12-17,2022-01-07,高繁感染,D阳+B阳
bDoAAAg6uQPM567U,,,种猪场,2022-01-03,2022-01-24,高繁感染,B阳
bDoAAD9Lki3M567U,,,种猪场,2022-03-01,2022-03-21,高繁感染,B阳
bDoAAKH9DvTM567U,,,种猪场,2021-03-01,2021-03-14,高繁感染,B阳
bDoAAB9RQabM567U,,,种猪场,2021-07-02,2021-07-22,高繁感染,B阳
bDoAADt50rLM567U,,,种猪场,2021-10-03,2021-10-23,高繁感染,B阳
bDoAACKeg+XM567U,,,种猪场,2022-01-06,2022-02-19,高繁感染,B阳
lwSyrTJYQpKocvlNnkNfVsznrtQ=,,,种猪场,2022-01-29,2022-02-25,高繁感染,B阳
tp62zQbcSBSmduRT0vtmw8znrtQ=,,,种猪场,2020-11-03,2020-11-25,高繁感染,B阳
bDoAAKnsKAjM567U,,,种猪场,2021-01-20,2021-01-24,高繁感染,B阳
bDoAACW+AGvM567U,,,种猪场,2021-01-18,2021-02-18,高繁感染,B阳
6djM4AEREADgAb6AfwAAAcznrtQ=,,,种猪场,2021-01-02,2021-03-08,高繁感染,"A阳（双缺）,B阳"
bDoAAISzjqLM567U,,,种猪场,2021-03-16,2021-06-27,高繁感染,B阳
bDoAACW+AGvM567U,,,种猪场,2021-12-18,2022-03-03,高繁感染,"B阳,A阳（单缺）"
2YpNIUMZSQWkRcBbtDgd5MznrtQ=,,,种猪场,2020-11-21,2020-12-18,高繁感染,阴
MnBcDQEhEADgAH72CgsCBsznrtQ=,,,种猪场,2020-12-03,2020-12-27,高繁感染,B阳
WYAoW9mNSD+xXQtoaA4VsMznrtQ=,,,种猪场,2021-03-31,2021-04-22,高繁感染,B阳
e03d3f1b-010a-1000-e004-05a2c0a802deCCE7AED4,,,种猪场,2021-03-17,2021-04-25,高繁感染,"A阳（双缺）,A阳（单缺）"
8lJHtQEeEADgFLbTCgsFAcznrtQ=,,,种猪场,2021-05-09,2021-05-29,高繁感染,D阳+B阳
wIOLuufeR0a+/pt2E4bNw8znrtQ=,,,种猪场,2022-01-30,2022-02-20,高繁感染,A阳（单缺）
bDoAAEhfj4jM567U,,,种猪场,2020-11-30,2020-12-31,高繁感染,B阳
bDoAABozn+zM567U,,,种猪场,2020-12-03,2021-01-04,高繁感染,阴
hDYZrRrATxircipFGPTVJsznrtQ=,,,种猪场,2021-01-04,2021-03-06,高繁感染,B阳
e03d3f1b-010a-1000-e004-05a2c0a802deCCE7AED4,,,种猪场,2021-02-15,2021-03-07,高繁感染,A阳（单缺）
Kv/utwEREADgAH26fwAAAcznrtQ=,,,种猪场,2021-04-09,2021-05-03,高繁感染,B阳
5kAIgdleQqKvN3U18KjMHsznrtQ=,,,种猪场,2021-03-16,2021-05-26,高繁感染,B阳
bDoAAGCfkTfM567U,,,种猪场,2021-06-18,2021-07-08,高繁感染,B阳
bDoAAIHprf3M567U,,,种猪场,2021-08-07,2021-08-26,高繁感染,B阳
e03d3f1b-010a-1000-e003-d4d5c0a802deCCE7AED4,,,种猪场,2021-08-20,2021-09-10,高繁感染,B阳
bDoAACv/PPDM567U,,,种猪场,2020-12-24,2021-03-16,高繁感染,B阳
bDoAAJxdyz/M567U,,,种猪场,2021-03-10,2021-03-30,高繁感染,B阳
bDoAADBJESbM567U,,,种猪场,2021-01-24,2021-07-11,高繁感染,"A阳（双缺）,B阳,A阳（双缺）+B阳"
bDoAAC39QDfM567U,,,种猪场,2022-03-12,2022-04-05,高繁感染,A阳（双缺）
bDoAADqX/tHM567U,,,种猪场,2020-08-28,2020-09-10,高繁感染,阴
e03d3f1b-010a-1000-e004-3077c0a802deCCE7AED4,,,种猪场,2021-06-15,2021-07-05,高繁感染,D阳+B阳
bDoAAKnsKAjM567U,,,种猪场,2021-06-02,2021-08-14,高繁感染,"A阳（双缺）,A阳（双缺）+B阳"
bDoAAHQXPnfM567U,,,种猪场,2021-10-03,2021-12-01,高繁感染,B阳
bDoAAClY+PTM567U,,,种猪场,2021-05-06,2021-06-11,高繁感染,B阳
6djM4AEREADgAb6AfwAAAcznrtQ=,,,种猪场,2021-04-13,2021-07-18,高繁感染,"B阳,A阳（单缺）+B阳,D阳+B阳,A阳（双缺）+B阳"
Kv/utwEREADgAH26fwAAAcznrtQ=,,,种猪场,2021-08-31,2021-09-17,高繁感染,B阳
jRn8ev31TW6xv/4VRubY3MznrtQ=,,,种猪场,2020-09-12,2020-09-26,高繁感染,阴
OxabekMkQHKRMWn1AUn11sznrtQ=,,,种猪场,2020-11-12,2020-11-15,高繁感染,阴
aJ1tWgETEADgAQy9fwAAAcznrtQ=,,,种猪场,2020-12-29,2021-02-05,高繁感染,"B阳,D阳"
bDoAAAXKmOjM567U,,,种猪场,2021-04-23,2021-05-18,高繁感染,阴
bDoAAJ7DeuDM567U,,,种猪场,2021-03-06,2021-07-24,高繁感染,"A阳（双缺）,B阳"
440S1QEZEADgBhF/CgsFAcznrtQ=,,,种猪场,2021-12-05,2021-12-24,高繁感染,B阳
bDoAADqXW6zM567U,,,种猪场,2021-12-08,2022-01-27,高繁感染,B阳
bDoAAA+X2AXM567U,,,种猪场,2020-10-10,2020-10-14,高繁感染,阴
bDoAACKeg+XM567U,,,种猪场,2020-12-26,2021-01-23,高繁感染,B阳
lwSyrTJYQpKocvlNnkNfVsznrtQ=,,,种猪场,2021-02-07,2021-03-14,高繁感染,B阳
fCsRugEPEADgAT5WwKgC3sznrtQ=,,,种猪场,2021-02-03,2021-03-28,高繁感染,A阳（单缺）
bDoAAD9Lki3M567U,,,种猪场,2021-11-27,2022-01-19,高繁感染,B阳
bDoAAIHprf3M567U,,,种猪场,2021-06-27,2021-07-23,高繁感染,B阳
FQ7IoQEgEADgEzmmCgsFAsznrtQ=,,,种猪场,2021-07-21,2021-08-13,高繁感染,B阳
2YpNIUMZSQWkRcBbtDgd5MznrtQ=,,,种猪场,2022-03-15,2022-04-05,高繁感染,B阳
bDoAAEhhidzM567U,,,种猪场,2021-08-29,2021-09-28,高繁感染,B阳
bDoAAKnm7sPM567U,,,种猪场,2021-12-01,2022-03-30,高繁感染,"B阳,A阳（单缺）+B阳,A阳（单缺）,D阳+B阳"
bDoAACH3lW3M567U,,,种猪场,2020-11-17,2020-12-15,高繁感染,B阳
bDoAAJUqXrnM567U,,,种猪场,2020-11-27,2020-12-31,高繁感染,阴
jRn8ev31TW6xv/4VRubY3MznrtQ=,,,种猪场,2020-11-27,2021-04-30,高繁感染,阴
ydq77QEUEADgAYVFCgsFAcznrtQ=,,,种猪场,2021-06-04,2021-06-28,高繁感染,D阳
fwQkjQHjRU+OKZeA9QsfKMznrtQ=,,,种猪场,2021-08-28,2021-09-20,高繁感染,D阳
8rEcmj38R/S5VZO6LDDNY8znrtQ=,,,种猪场,2022-02-07,2022-03-20,高繁感染,B阳
bDoAAC7nAPfM567U,,,种猪场,2020-09-19,2020-10-07,高繁感染,B阳
bDoAABozn+zM567U,,,种猪场,2020-07-01,2020-11-27,高繁感染,阴
bDoAAKnsMXTM567U,,,种猪场,2020-10-12,2020-12-23,高繁感染,阴
bDoAAClY+PTM567U,,,种猪场,2020-12-31,2021-01-09,高繁感染,B阳
e03d3f1b-010a-1000-e004-36c9c0a802deCCE7AED4,,,种猪场,2020-11-26,2021-01-31,高繁感染,阴
bDoAADt5M13M567U,,,种猪场,2021-03-24,2021-04-16,高繁感染,A阳（双缺）
bDoAAEhiQtHM567U,,,种猪场,2021-04-18,2021-05-15,高繁感染,A阳（单缺）
ltqaM8kqQiKl1lNTWnaHGsznrtQ=,,,种猪场,2021-05-01,2021-06-16,高繁感染,B阳
l4SZ6wEhEADgG9+QCgsFAsznrtQ=,,,种猪场,2021-07-10,2021-07-31,高繁感染,B阳
bDoAAB9RQabM567U,,,种猪场,2021-08-05,2021-09-01,高繁感染,B阳
bDoAACv/PPDM567U,,,种猪场,2021-06-24,2021-10-12,高繁感染,B阳
bDoAAHGzK6vM567U,,,种猪场,2021-10-09,2021-10-27,高繁感染,B阳
bDoAABp4TUHM567U,,,种猪场,2021-11-19,2021-12-24,高繁感染,B阳
bDoAAJNKZmzM567U,,,种猪场,2022-01-05,2022-02-27,高繁感染,"A阳（双缺）,B阳"
26e9tdqJTou0qN6QAQ6dHsznrtQ=,,,种猪场,2020-10-17,2020-10-23,高繁感染,阴
bDoAACRQotnM567U,,,种猪场,2020-11-24,2021-03-01,高繁感染,阴
bDoAALYh4BbM567U,,,种猪场,2021-01-30,2021-05-05,高繁感染,"B阳,A阳（双缺）+B阳"
tp62zQbcSBSmduRT0vtmw8znrtQ=,,,种猪场,2021-12-20,2022-01-27,高繁感染,B阳
hei5hAEdEADgAUXSCgsFAsznrtQ=,,,种猪场,2020-07-01,2020-07-30,高繁感染,B阳
e03d3f1b-010a-1000-e009-5d60c0a802deCCE7AED4,,,种猪场,2020-09-26,2020-12-04,高繁感染,D阳
bDoAABrf/yDM567U,,,种猪场,2021-01-12,2021-03-25,高繁感染,B阳
FWvyI7s2RjG03BFcEK7mscznrtQ=,,,种猪场,2022-01-11,2022-01-29,高繁感染,A阳（单缺）
LtwoXBYbSvKkPPlCFBJWc8znrtQ=,,,种猪场,2022-02-15,2022-03-20,高繁感染,B阳
bDoAABrgZpXM567U,,,种猪场,2020-12-29,2020-12-31,高繁感染,阴
bDoAAHGzK6vM567U,,,种猪场,2021-01-21,2021-04-07,高繁感染,阴
bDoAACwlsTTM567U,,,种猪场,2021-06-26,2021-07-21,高繁感染,D阳
ZKNd3AEPEADgAgp/wKgC3sznrtQ=,,,种猪场,2021-05-24,2021-07-28,高繁感染,A阳（单缺）
bDoAAJ7tY/nM567U,,,种猪场,2021-09-10,2021-10-04,高繁感染,B阳
fCsRugEPEADgAT5WwKgC3sznrtQ=,,,种猪场,2021-08-27,2021-10-12,高繁感染,A阳（单缺）
bDoAAD/EIvrM567U,,,种猪场,2021-10-29,2021-11-18,高繁感染,B阳
ni898gXLTwaP5w1M8EhEnMznrtQ=,,,种猪场,2021-10-28,2021-11-25,高繁感染,B阳
MnBcDQEhEADgAH72CgsCBsznrtQ=,,,种猪场,2020-10-19,2020-11-13,高繁感染,B阳
bDoAAKH9EM3M567U,,,种猪场,2020-09-25,2020-11-20,高繁感染,B阳
ZKNd3AEPEADgAgjwwKgC3sznrtQ=,,,种猪场,2020-11-06,2020-12-09,高繁感染,A阳（单缺）
bDoAAGCfkTfM567U,,,种猪场,2021-02-01,2021-02-06,高繁感染,B阳
bDoAAGDBcSnM567U,,,种猪场,2021-05-21,2021-08-05,高繁感染,B阳
bDoAADt50rLM567U,,,种猪场,2021-08-05,2021-09-27,高繁感染,B阳
bDoAAE4zK6LM567U,,,种猪场,2021-06-21,2021-07-12,高繁感染,B阳
bDoAACjIOsbM567U,,,种猪场,2021-12-01,2022-02-12,高繁感染,B阳
fc8915fd-0109-1000-e000-0beec0a802deCCE7AED4,,,种猪场,2020-09-12,2020-09-28,高繁感染,阴
FQ7JPgEgEADgBvT6CgsFAsznrtQ=,,,种猪场,2020-10-17,2020-10-19,高繁感染,B阳
bDoAADqYadDM567U,,,种猪场,2020-12-27,2021-01-20,高繁感染,B阳
e03d3f1b-010a-1000-e004-3858c0a802deCCE7AED4,,,种猪场,2021-04-10,2021-05-18,高繁感染,A阳（单缺）
bDoAAMo7BuXM567U,,,种猪场,2021-08-01,2021-08-23,高繁感染,A阳（单缺）
dCcEQQEYEADgEFTfCgsCAsznrtQ=,,,种猪场,2021-08-18,2021-09-07,高繁感染,B阳
VVMTzQESEADgBAvlfwAAAcznrtQ=,,,种猪场,2021-10-30,2021-11-20,高繁感染,B阳
klQTuQEZEADgA+uACgsFAcznrtQ=,,,种猪场,2021-11-23,2022-01-23,高繁感染,B阳
bDoAAC5HgGPM567U,,,种猪场,2022-01-14,2022-02-27,高繁感染,A阳（双缺）
bDoAAHQXPQTM567U,,,种猪场,2022-02-17,2022-03-10,高繁感染,B阳
bDoAAETu4+bM567U,,,种猪场,2021-01-30,2021-02-20,高繁感染,B阳
WYAoW9mNSD+xXQtoaA4VsMznrtQ=,,,种猪场,2021-04-28,2021-05-18,高繁感染,B阳
bDoAALNCjoXM567U,,,种猪场,2021-02-17,2021-06-13,高繁感染,A阳（单缺）
bDoAAAlC9N/M567U,,,种猪场,2021-07-26,2021-08-22,高繁感染,B阳
5kAIgdleQqKvN3U18KjMHsznrtQ=,,,种猪场,2021-09-04,2021-10-20,高繁感染,B阳
bDoAAC7m/57M567U,,,种猪场,2020-08-06,2020-08-12,高繁感染,B阳
e03d3f1b-010a-1000-e00a-5dc7c0a802deCCE7AED4,,,种猪场,2021-04-21,2021-05-13,高繁感染,A阳（单缺）
bDoAADIerQHM567U,,,种猪场,2021-05-25,2021-06-15,高繁感染,B阳
bDoAAE4zK6LM567U,,,种猪场,2021-07-21,2021-08-11,高繁感染,B阳
bDoAAAjWKY/M567U,,,种猪场,2021-09-17,2021-10-08,高繁感染,B阳
bDoAACY5007M567U,,,种猪场,2021-05-02,2021-10-10,高繁感染,A阳（双缺）
ydq77QEUEADgAYVFCgsFAcznrtQ=,,,种猪场,2021-10-20,2021-11-15,高繁感染,D阳
bDoAAKfMquXM567U,,,种猪场,2022-01-19,2022-03-16,高繁感染,B阳
26e9tdqJTou0qN6QAQ6dHsznrtQ=,,,种猪场,2020-09-10,2020-10-10,高繁感染,阴
e03d3f1b-010a-1000-e004-192cc0a802deCCE7AED4,,,种猪场,2020-09-22,2020-11-07,高繁感染,B阳
dCcEQQEYEADgEFTfCgsCAsznrtQ=,,,种猪场,2021-03-15,2021-04-08,高繁感染,A阳（双缺）
bDoAABbpD+3M567U,,,种猪场,2021-08-05,2021-08-26,高繁感染,B阳
bDoAAAg6uQPM567U,,,种猪场,2021-02-19,2021-04-14,高繁感染,B阳
bDoAABvH6ZbM567U,,,种猪场,2021-10-31,2021-11-21,高繁感染,B阳
bDoAAF5F30TM567U,,,种猪场,2021-10-30,2021-12-24,高繁感染,B阳
bDoAADbYTd3M567U,,,种猪场,2020-12-21,2021-01-26,高繁感染,B阳
bDoAAJxdyz/M567U,,,种猪场,2021-02-14,2021-03-07,高繁感染,B阳
bDoAACwlsTTM567U,,,种猪场,2021-08-02,2021-08-08,高繁感染,A阳（单缺）
bDoAADIerQHM567U,,,种猪场,2021-07-09,2021-08-09,高繁感染,B阳
bDoAAAXOo6PM567U,,,种猪场,2021-08-15,2021-08-15,高繁感染,B阳
bDoAAD/EIvrM567U,,,种猪场,2021-07-28,2021-09-24,高繁感染,B阳
bDoAALYiuxTM567U,,,种猪场,2021-07-31,2021-10-07,高繁感染,A阳（双缺）
bDoAAEhhJUDM567U,,,种猪场,2021-11-18,2021-12-27,高繁感染,B阳
bDoAAKfyFNXM567U,,,种猪场,2020-09-26,2020-09-30,高繁感染,B阳
yKP7EVsSRsSuaLtQOsLsAcznrtQ=,,,种猪场,2020-10-24,2020-12-19,高繁感染,B阳
Dj9DCQEdEADgAufnCgsFAcznrtQ=,,,种猪场,2020-11-18,2021-02-06,高繁感染,B阳
bDoAAEhfj4jM567U,,,种猪场,2021-01-30,2021-04-18,高繁感染,B阳
bDoAADw1TDDM567U,,,种猪场,2021-04-03,2021-04-29,高繁感染,A阳（单缺）
bDoAAEGDj37M567U,,,种猪场,2021-11-15,2022-01-07,高繁感染,B阳
bDoAAALPaMvM567U,,,种猪场,2021-12-30,2022-01-23,高繁感染,B阳
bDoAAKH9EM3M567U,,,种猪场,2021-02-27,2021-03-18,高繁感染,"A阳（双缺）,B阳"
MnBcDQEhEADgAH72CgsCBsznrtQ=,,,种猪场,2021-06-24,2021-07-28,高繁感染,B阳
yKP7EVsSRsSuaLtQOsLsAcznrtQ=,,,种猪场,2021-02-08,2021-08-26,高繁感染,"A阳（双缺）,B阳,A阳（双缺）+B阳"
bDoAACjIOsbM567U,,,种猪场,2022-03-06,2022-03-27,高繁感染,阴
bDoAAKnsKAjM567U,,,种猪场,2021-02-14,2021-03-29,高繁感染,B阳
ZKNd3AEPEADgAgjwwKgC3sznrtQ=,,,种猪场,2021-05-13,2021-07-16,高繁感染,A阳（单缺）
bDoAAEmD1bLM567U,,,种猪场,2021-07-14,2021-08-03,高繁感染,阴
bDoAAAdFWT7M567U,,,种猪场,2021-06-26,2021-10-23,高繁感染,A阳（双缺）
bDoAAHQXPQTM567U,,,种猪场,2021-11-03,2022-01-08,高繁感染,B阳
bDoAAKmgrh/M567U,,,种猪场,2022-02-15,2022-03-18,高繁感染,B阳
bDoAAMSec3nM567U,,,种猪场,2021-09-18,2021-10-09,高繁感染,B阳
bDoAAKnsMXTM567U,,,种猪场,2021-10-23,2021-11-12,高繁感染,阴
LtwoXBYbSvKkPPlCFBJWc8znrtQ=,,,种猪场,2021-10-31,2021-11-21,高繁感染,B阳
AtF/VOCpTy6RBKVEYz0ansznrtQ=,,,种猪场,2022-02-18,2022-03-24,高繁感染,A阳（双缺）
bDoAAKH9DpDM567U,,,种猪场,2022-01-25,2022-03-26,高繁感染,A阳（单缺）
bDoAACYz8lPM567U,,,种猪场,2020-07-21,2020-08-27,高繁感染,B阳
e03d3f1b-010a-1000-e004-39e6c0a802deCCE7AED4,,,种猪场,2020-08-15,2020-09-19,高繁感染,B阳
bDoAAEFoW0TM567U,,,种猪场,2021-01-14,2021-03-07,高繁感染,B阳
bDoAAEhhJUDM567U,,,种猪场,2021-07-05,2021-08-17,高繁感染,B阳
bDoAALEl03fM567U,,,种猪场,2021-11-25,2021-12-23,高繁感染,B阳
FCKloF1HSFyk3zoP/RBZAsznrtQ=,,,种猪场,2021-12-05,2021-12-26,高繁感染,B阳
bDoAABpksjDM567U,,,种猪场,2021-12-15,2022-01-22,高繁感染,B阳
bDoAAEGDj37M567U,,,种猪场,2022-02-08,2022-03-16,高繁感染,D阳
bDoAADqX/tHM567U,,,种猪场,2020-07-01,2020-07-30,高繁感染,阴
bDoAAE4mrXvM567U,,,种猪场,2021-02-16,2021-04-10,高繁感染,"B阳,A阳（双缺）+B阳"
bDoAAEPGDXLM567U,,,种猪场,2020-12-03,2021-04-11,高繁感染,A阳（双缺）
ZKNd3AEPEADgAkpDwKgC3sznrtQ=,,,种猪场,2021-01-23,2021-05-30,高繁感染,A阳（单缺）
OxabekMkQHKRMWn1AUn11sznrtQ=,,,种猪场,2021-12-02,2021-12-28,高繁感染,B阳
bDoAAF5F30TM567U,,,种猪场,2020-12-29,2021-01-19,高繁感染,B阳
bDoAALYh4BbM567U,,,种猪场,2021-01-25,2021-01-28,高繁感染,B阳
bDoAAISzjqLM567U,,,种猪场,2020-12-29,2021-02-16,高繁感染,B阳
bDoAACvL0HPM567U,,,种猪场,2021-02-19,2021-03-19,高繁感染,阴
AtF/VOCpTy6RBKVEYz0ansznrtQ=,,,种猪场,2021-04-02,2021-05-09,高繁感染,A阳（双缺）
bDoAAFGKYAjM567U,,,种猪场,2021-11-18,2021-12-29,高繁感染,B阳
bDoAAKfyFNXM567U,,,种猪场,2020-10-06,2020-11-08,高繁感染,B阳
bDoAALYiuxTM567U,,,种猪场,2020-11-25,2021-01-30,高繁感染,阴
bDoAAJ7DeuDM567U,,,种猪场,2021-02-02,2021-02-21,高繁感染,B阳
bDoAACRRJuTM567U,,,种猪场,2021-01-12,2021-05-04,高繁感染,"A阳（双缺）,B阳,A阳（双缺）+B阳"
bDoAAASb5W3M567U,,,种猪场,2021-03-10,2021-05-07,高繁感染,A阳（双缺）
bDoAACYz8lPM567U,,,种猪场,2022-02-02,2022-03-07,高繁感染,B阳
5kAIgdleQqKvN3U18KjMHsznrtQ=,,,种猪场,2021-01-18,2021-02-01,高繁感染,B阳
WYAoW9mNSD+xXQtoaA4VsMznrtQ=,,,种猪场,2021-02-04,2021-03-20,高繁感染,B阳
bDoAADqXW6zM567U,,,种猪场,2021-02-18,2021-03-20,高繁感染,阴
lq2WpAETEADgBD3MfwAAAcznrtQ=,,,种猪场,2021-03-04,2021-03-23,高繁感染,B阳
26e9tdqJTou0qN6QAQ6dHsznrtQ=,,,种猪场,2020-11-24,2021-04-26,高繁感染,"B阳,A阳（单缺）"
bDoAAB9RQabM567U,,,种猪场,2021-09-12,2021-10-08,高繁感染,B阳
bDoAAGDBcSnM567U,,,种猪场,2021-09-26,2021-10-22,高繁感染,B阳
MnBcDQEhEADgAH72CgsCBsznrtQ=,,,种猪场,2021-10-21,2021-12-20,高繁感染,B阳
bDoAACjIOsbM567U,,,种猪场,2021-01-26,2021-03-12,高繁感染,B阳
bDoAAEhiQtHM567U,,,种猪场,2021-02-15,2021-03-28,高繁感染,A阳（单缺）
wIOLuufeR0a+/pt2E4bNw8znrtQ=,,,种猪场,2021-05-30,2021-06-20,高繁感染,D阳+B阳
bDoAACleribM567U,,,种猪场,2021-07-15,2021-08-05,高繁感染,B阳
bDoAADfWeSTM567U,,,种猪场,2021-07-18,2021-08-28,高繁感染,B阳
X6Ka4wEUEADgEK17CgsFAsznrtQ=,,,种猪场,2021-09-03,2021-09-28,高繁感染,D阳+B阳
bDoAABbpD+3M567U,,,种猪场,2021-09-04,2021-10-18,高繁感染,B阳
bDoAAISzjqLM567U,,,种猪场,2021-10-07,2021-10-28,高繁感染,B阳
bDoAAKRCqU7M567U,,,种猪场,2020-07-31,2020-08-20,高繁感染,B阳
e03d3f1b-010a-1000-e004-192cc0a802deCCE7AED4,,,种猪场,2020-12-25,2021-02-06,高繁感染,B阳
fCsRugEPEADgAT5WwKgC3sznrtQ=,,,种猪场,2021-04-09,2021-05-11,高繁感染,"A阳（单缺）+B阳,A阳（单缺）"
l4SZ6wEhEADgG9+QCgsFAsznrtQ=,,,种猪场,2021-05-17,2021-06-11,高繁感染,B阳
e03d3f1b-010a-1000-e009-5d60c0a802deCCE7AED4,,,种猪场,2021-05-31,2021-09-18,高繁感染,D阳
bDoAAExQ2YfM567U,,,种猪场,2021-09-23,2021-10-13,高繁感染,B阳
e03d3f1b-010a-1000-e004-3077c0a802deCCE7AED4,,,种猪场,2021-10-21,2021-12-03,高繁感染,B阳
bDoAAExQ2YfM567U,,,种猪场,2021-11-11,2021-12-13,高繁感染,B阳
Iw7mpBO9QQe7NjYr/HFlgMznrtQ=,,,种猪场,2020-07-24,2020-08-16,高繁感染,B阳
bDoAAArJzP3M567U,,,种猪场,2020-09-01,2020-09-09,高繁感染,阴
bDoAAC7m/57M567U,,,种猪场,2020-09-12,2020-10-15,高繁感染,B阳
Kv/utwEREADgAI9NfwAAAcznrtQ=,,,种猪场,2021-08-19,2021-09-08,高繁感染,D阳
Iw7mpBO9QQe7NjYr/HFlgMznrtQ=,,,种猪场,2021-12-25,2022-01-24,高繁感染,B阳
bDoAACRQotnM567U,,,种猪场,2021-12-17,2022-02-24,高繁感染,"A阳（双缺）,B阳"
klQTuQEZEADgA+uACgsFAcznrtQ=,,,种猪场,2022-03-03,2022-03-08,高繁感染,B阳
bDoAAJxdyz/M567U,,,种猪场,2020-12-18,2021-02-01,高繁感染,B阳
fCsRugEPEADgAT5WwKgC3sznrtQ=,,,种猪场,2021-07-03,2021-08-13,高繁感染,A阳（单缺）
EswmB3JXSaqrHm6tdKcQKMznrtQ=,,,种猪场,2020-08-17,2020-08-19,高繁感染,B阳
EswmB3JXSaqrHm6tdKcQKMznrtQ=,,,种猪场,2020-08-27,2020-09-09,高繁感染,B阳
Kmmo6AETEADgAaJZfwAAAcznrtQ=,,,种猪场,2020-10-17,2020-11-05,高繁感染,阴
bDoAAAg6uQPM567U,,,种猪场,2021-01-28,2021-02-16,高繁感染,B阳
faSlXca9QPiszYLwzkoay8znrtQ=,,,种猪场,2021-01-20,2021-02-28,高繁感染,B阳
bDoAACwlsTTM567U,,,种猪场,2021-05-28,2021-06-17,高繁感染,D阳+B阳
bDoAAHQXPnfM567U,,,种猪场,2021-06-01,2021-06-24,高繁感染,B阳
2lwrCK5gQ1eCijrimb9lEsznrtQ=,,,种猪场,2021-06-15,2021-07-24,高繁感染,B阳
kfGQlusYSKmUgstyQKvRucznrtQ=,,,种猪场,2022-02-18,2022-02-18,高繁感染,B阳
jRn8ev31TW6xv/4VRubY3MznrtQ=,,,种猪场,2020-09-01,2020-09-09,高繁感染,阴
bDoAAHYh1WTM567U,,,种猪场,2020-10-23,2020-12-05,高繁感染,B阳
bDoAACjIOsbM567U,,,种猪场,2020-12-01,2020-12-08,高繁感染,B阳
bDoAAISzjqLM567U,,,种猪场,2021-02-20,2021-02-20,高繁感染,B阳
Dj9DCQEdEADgAufnCgsFAcznrtQ=,,,种猪场,2021-02-16,2021-03-30,高繁感染,B阳
bDoAAAlC9dzM567U,,,种猪场,2021-05-12,2021-06-10,高繁感染,A阳（单缺）
bDoAAAXKmOjM567U,,,种猪场,2021-08-19,2021-09-29,高繁感染,B阳
bDoAAEmD1bLM567U,,,种猪场,2021-11-18,2021-12-02,高繁感染,B阳
8rEcmj38R/S5VZO6LDDNY8znrtQ=,,,种猪场,2021-11-13,2022-01-28,高繁感染,B阳
5kAIgdleQqKvN3U18KjMHsznrtQ=,,,种猪场,2021-06-08,2021-07-07,高繁感染,B阳
bDoAACti8nPM567U,,,种猪场,2021-12-23,2022-01-28,高繁感染,A阳（双缺）
e03d3f1b-010a-1000-e004-0a1fc0a802deCCE7AED4,,,种猪场,2020-10-09,2020-12-16,高繁感染,阴
bDoAAAUUmJ7M567U,,,种猪场,2021-08-28,2021-09-18,高繁感染,B阳
bDoAAHz3F9vM567U,,,种猪场,2022-02-05,2022-02-26,高繁感染,阴
bDoAACiWZvjM567U,,,种猪场,2022-01-01,2022-03-30,高繁感染,"A阳（双缺）,B阳"
Dj9DCQEdEADgAufnCgsFAcznrtQ=,,,种猪场,2021-04-05,2021-04-12,高繁感染,阴
bDoAAKRCqU7M567U,,,种猪场,2021-02-17,2021-04-29,高繁感染,A阳（双缺）
WYAoW9mNSD+xXQtoaA4VsMznrtQ=,,,种猪场,2022-01-02,2022-01-04,高繁感染,阴
hDYZrRrATxircipFGPTVJsznrtQ=,,,种猪场,2021-12-08,2022-02-13,高繁感染,B阳
fc8915fd-0109-1000-e000-0fe4c0a802deCCE7AED4,,,种猪场,2020-09-20,2020-09-25,高繁感染,B阳
XBzW2wEaEADgA3DzCgsFAcznrtQ=,,,种猪场,2020-12-11,2021-01-17,高繁感染,A阳（单缺）
LurcX6U1R4mxGHNswDa6lcznrtQ=,,,种猪场,2020-11-20,2021-02-28,高繁感染,B阳
bDoAAKRCaUrM567U,,,种猪场,2021-04-23,2021-05-15,高繁感染,B阳
e03d3f1b-010a-1000-e004-36c9c0a802deCCE7AED4,,,种猪场,2021-02-19,2021-06-07,高繁感染,A阳（单缺）
bDoAAJiJ3rXM567U,,,种猪场,2021-01-19,2021-08-09,高繁感染,A阳（双缺）
2ir5VbrJRIyVXGtjbFM9NsznrtQ=,,,种猪场,2021-09-30,2021-11-25,高繁感染,A阳（双缺）
lwSyrTJYQpKocvlNnkNfVsznrtQ=,,,种猪场,2021-12-17,2022-01-17,高繁感染,B阳
bDoAANlw/arM567U,,,种猪场,2021-12-01,2022-02-16,高繁感染,B阳
e03d3f1b-010a-1000-e004-0a1fc0a802deCCE7AED4,,,种猪场,2020-09-18,2020-09-28,高繁感染,阴
bDoAAHGzK6vM567U,,,种猪场,2021-04-14,2021-04-29,高繁感染,阴
l+GgKuoFRR6razO3d2YKgMznrtQ=,,,种猪场,2021-03-29,2021-05-15,高繁感染,B阳
bDoAAByPIb3M567U,,,种猪场,2021-05-28,2021-06-18,高繁感染,阴
bDoAAJNCEznM567U,,,种猪场,2022-01-08,2022-02-08,高繁感染,B阳
bDoAADPzFjDM567U,,,种猪场,2022-01-02,2022-02-09,高繁感染,B阳
bDoAAAlC9dzM567U,,,种猪场,2022-01-17,2022-03-07,高繁感染,A阳（单缺）
bDoAAKfMquXM567U,,,种猪场,2020-12-06,2021-01-15,高繁感染,阴
bDoAAAXKmOjM567U,,,种猪场,2021-02-19,2021-03-09,高繁感染,B阳
bDoAADP3KbjM567U,,,种猪场,2021-02-18,2021-04-29,高繁感染,B阳
e03d3f1b-010a-1000-e003-d4d5c0a802deCCE7AED4,,,种猪场,2021-06-16,2021-07-06,高繁感染,B阳
4UdmZh3bTpW4PS8aYJQ4PMznrtQ=,,,种猪场,2021-09-09,2021-10-26,高繁感染,B阳
bDoAABrgZpXM567U,,,种猪场,2021-10-30,2022-01-10,高繁感染,B阳
bDoAAK+uUJjM567U,,,种猪场,2021-12-29,2022-02-20,高繁感染,阴
KX0hFQESEADgALnfCgsE3sznrtQ=,,,种猪场,2020-07-15,2020-07-19,高繁感染,D阳
SkdZ2wEVEADgC0tCCgsCAsznrtQ=,,,种猪场,2021-05-23,2021-06-23,高繁感染,D阳+B阳
bDoAACvL0HPM567U,,,种猪场,2021-06-18,2021-07-08,高繁感染,阴
bDoAAKVXgGrM567U,,,种猪场,2020-12-18,2021-03-24,高繁感染,"B阳,A阳（双缺）+B阳"
VVMTzQESEADgBAvlfwAAAcznrtQ=,,,种猪场,2021-05-31,2021-06-05,高繁感染,B阳
e03d3f1b-010a-1000-e004-192cc0a802deCCE7AED4,,,种猪场,2021-06-06,2021-06-26,高繁感染,B阳
ZKNd3AEPEADgAkpDwKgC3sznrtQ=,,,种猪场,2021-06-08,2021-09-05,高繁感染,A阳（单缺）
4UdmZh3bTpW4PS8aYJQ4PMznrtQ=,,,种猪场,2021-12-29,2022-01-21,高繁感染,B阳
bDoAABbpD+3M567U,,,种猪场,2021-12-06,2022-02-26,高繁感染,B阳
ciJ9gUr9R2qmB22v2j2nScznrtQ=,,,种猪场,2020-07-01,2020-07-19,高繁感染,B阳
Ma2QEGbnSIq6D1ehFp20Q8znrtQ=,,,种猪场,2021-01-22,2021-02-24,高繁感染,B阳
bDoAAAdFWT7M567U,,,种猪场,2021-02-21,2021-03-16,高繁感染,B阳
aJ1tWgETEADgAQy9fwAAAcznrtQ=,,,种猪场,2021-03-15,2021-04-03,高繁感染,B阳
ydq77QEUEADgAYVFCgsFAcznrtQ=,,,种猪场,2021-05-19,2021-05-29,高繁感染,阴
bDoAADbYTd3M567U,,,种猪场,2021-06-10,2021-07-09,高繁感染,B阳
X6Ka4wEUEADgEK17CgsFAsznrtQ=,,,种猪场,2021-07-07,2021-08-02,高繁感染,D阳+B阳
bDoAAB5ld5jM567U,,,种猪场,2022-01-24,2022-01-28,高繁感染,A阳（双缺）
BHoTMQETEADgBO3PfwAAAcznrtQ=,,,种猪场,2020-12-12,2021-01-03,高繁感染,B阳
bDoAAHz3F9vM567U,,,种猪场,2021-02-06,2021-02-07,高繁感染,阴
bDoAAClE3XPM567U,,,种猪场,2021-09-10,2021-10-03,高繁感染,B阳
e03d3f1b-010a-1000-e004-192cc0a802deCCE7AED4,,,种猪场,2021-11-01,2021-12-01,高繁感染,D阳
bDoAAD/EIvrM567U,,,种猪场,2021-12-05,2022-01-09,高繁感染,B阳
bDoAACoW4cbM567U,,,种猪场,2021-11-23,2022-02-05,高繁感染,B阳
dCcEQQEYEADgEFTfCgsCAsznrtQ=,,,种猪场,2020-10-09,2020-10-28,高繁感染,B阳
bDoAAMLFAS/M567U,,,种猪场,2020-11-06,2020-11-16,高繁感染,阴
bDoAAC3ydhrM567U,,,种猪场,2020-07-01,2021-05-14,高繁感染,A阳（双缺）
bDoAAClE3XPM567U,,,种猪场,2021-10-09,2021-10-29,高繁感染,B阳
bDoAAClE3XPM567U,,,种猪场,2021-11-14,2021-12-29,高繁感染,B阳
bDoAACvL0HPM567U,,,种猪场,2021-10-09,2022-01-17,高繁感染,B阳
bDoAAKmgrh/M567U,,,种猪场,2021-11-19,2022-02-07,高繁感染,B阳
bDoAACW+AGvM567U,,,种猪场,2022-03-06,2022-03-27,高繁感染,"A阳（双缺）,A阳（单缺）"
MnBcDQEhEADgAH72CgsCBsznrtQ=,,,种猪场,2020-09-10,2020-09-25,高繁感染,B阳
fc8915fd-0109-1000-e000-0beec0a802deCCE7AED4,,,种猪场,2021-04-17,2021-06-30,高繁感染,A阳（双缺）
eVFjXhD+Qkag79ZXWlvfMMznrtQ=,,,种猪场,2020-10-11,2020-11-07,高繁感染,B阳
bDoAAHQXPQTM567U,,,种猪场,2021-02-07,2021-02-27,高繁感染,阴
bDoAAArJzP3M567U,,,种猪场,2020-11-27,2021-05-01,高繁感染,阴
WYAoW9mNSD+xXQtoaA4VsMznrtQ=,,,种猪场,2021-05-20,2021-06-09,高繁感染,B阳
bDoAAHz3F9vM567U,,,种猪场,2021-12-25,2022-01-26,高繁感染,B阳
bDoAAF5F30TM567U,,,种猪场,2022-03-02,2022-03-30,高繁感染,B阳
bDoAAATOyj/M567U,,,种猪场,2020-09-10,2020-09-25,高繁感染,阴
bDoAAKfMquXM567U,,,种猪场,2020-11-03,2020-11-28,高繁感染,阴
Dj9DCQEdEADgAufnCgsFAcznrtQ=,,,种猪场,2021-04-23,2021-07-25,高繁感染,A阳（单缺）
fwQkjQHjRU+OKZeA9QsfKMznrtQ=,,,种猪场,2021-10-17,2021-11-07,高繁感染,D阳+B阳
bDoAAFaolA3M567U,,,种猪场,2021-11-10,2021-12-13,高繁感染,B阳
5kAIgdleQqKvN3U18KjMHsznrtQ=,,,种猪场,2021-11-17,2022-01-21,高繁感染,B阳
bDoAAMo7BuXM567U,,,种猪场,2022-01-04,2022-01-26,高繁感染,阴
WYAoW9mNSD+xXQtoaA4VsMznrtQ=,,,种猪场,2020-12-31,2021-01-21,高繁感染,B阳
S2hGkQEREADgADoVfwAAAcznrtQ=,,,种猪场,2021-01-27,2021-02-27,高繁感染,B阳
VVMTzQESEADgBAvlfwAAAcznrtQ=,,,种猪场,2021-01-03,2021-01-12,高繁感染,B阳
Iw7mpBO9QQe7NjYr/HFlgMznrtQ=,,,种猪场,2021-01-18,2021-02-05,高繁感染,B阳
bDoAALwp4CbM567U,,,种猪场,2021-07-26,2021-08-24,高繁感染,B阳
bDoAACleribM567U,,,种猪场,2021-09-02,2021-10-05,高繁感染,B阳
bDoAAEFoW0TM567U,,,种猪场,2021-11-23,2021-12-19,高繁感染,B阳
e03d3f1b-010a-1000-e003-d4d5c0a802deCCE7AED4,,,种猪场,2021-12-07,2021-12-22,高繁感染,B阳
bDoAAKH9EM3M567U,,,种猪场,2021-12-08,2021-12-28,高繁感染,B阳
bDoAABvH6ZbM567U,,,种猪场,2022-01-03,2022-02-06,高繁感染,B阳
WYAoW9mNSD+xXQtoaA4VsMznrtQ=,,,种猪场,2022-01-07,2022-02-15,高繁感染,"A阳（双缺）,B阳"
WYAoW9mNSD+xXQtoaA4VsMznrtQ=,,,种猪场,2022-02-25,2022-04-04,高繁感染,B阳
e03d3f1b-010a-1000-e005-d367c0a802deCCE7AED4,,,种猪场,2022-01-28,2022-04-07,高繁感染,A阳（单缺）
ciJ9gUr9R2qmB22v2j2nScznrtQ=,,,种猪场,2020-09-10,2020-10-16,高繁感染,阴
bDoAAKnsKAjM567U,,,种猪场,2020-10-01,2020-10-23,高繁感染,B阳
bDoAACv/PPDM567U,,,种猪场,2021-04-30,2021-06-07,高繁感染,B阳
8lJHtQEeEADgFLbTCgsFAcznrtQ=,,,种猪场,2021-06-03,2021-06-22,高繁感染,D阳+B阳
lwSyrTJYQpKocvlNnkNfVsznrtQ=,,,种猪场,2021-07-13,2021-08-13,高繁感染,B阳
XKCFPgEQEADgAT2OfwAAAcznrtQ=,,,种猪场,2021-12-01,2021-12-22,高繁感染,B阳
bDoAABrf/yDM567U,,,种猪场,2022-02-05,2022-02-27,高繁感染,B阳
dCcEQQEYEADgEFTfCgsCAsznrtQ=,,,种猪场,2021-01-09,2021-01-30,高繁感染,B阳
bDoAAAlC9N/M567U,,,种猪场,2021-10-02,2021-10-22,高繁感染,B阳
bDoAAKH91k7M567U,,,种猪场,2022-01-04,2022-01-24,高繁感染,B阳
bDoAAKfMquXM567U,,,种猪场,2021-05-27,2021-07-19,高繁感染,A阳（双缺）
hDYZrRrATxircipFGPTVJsznrtQ=,,,种猪场,2021-10-27,2021-11-17,高繁感染,B阳
